-- phpMyAdmin SQL Dump
-- version 4.7.3
-- https://www.phpmyadmin.net/
--
-- Хост: 127.0.0.1:3306
-- Время создания: Июл 05 2022 г., 16:56
-- Версия сервера: 5.6.37
-- Версия PHP: 5.5.38

SET SQL_MODE = "NO_AUTO_VALUE_ON_ZERO";
SET AUTOCOMMIT = 0;
START TRANSACTION;
SET time_zone = "+00:00";


/*!40101 SET @OLD_CHARACTER_SET_CLIENT=@@CHARACTER_SET_CLIENT */;
/*!40101 SET @OLD_CHARACTER_SET_RESULTS=@@CHARACTER_SET_RESULTS */;
/*!40101 SET @OLD_COLLATION_CONNECTION=@@COLLATION_CONNECTION */;
/*!40101 SET NAMES utf8mb4 */;

--
-- База данных: `pedagogika`
--

-- --------------------------------------------------------

--
-- Структура таблицы `posts`
--

CREATE TABLE `posts` (
  `id` int(11) NOT NULL,
  `user_id` varchar(11) NOT NULL,
  `image_id` varchar(255) NOT NULL,
  `text` varchar(255) NOT NULL,
  `state` varchar(20) NOT NULL DEFAULT 'new'
) ENGINE=InnoDB DEFAULT CHARSET=utf8;

--
-- Дамп данных таблицы `posts`
--

INSERT INTO `posts` (`id`, `user_id`, `image_id`, `text`, `state`) VALUES
(2, '315375144', 'AgACAgIAAxkBAAISemJFzw8tl6QW7BYGYcTOhR-Fn29TAAIOwDEbBO0wSuiVYuZQrWdAAQADAgADeQADIwQ', 'Bu yangi telefon', 'select'),
(3, '387713426', 'AgACAgIAAxkBAAIUeWJaW1UpZCwhwcVnL8dd00Gli5zzAAKxvDEbbBLYSrhAQy8ky_GPAQADAgADeAADIwQ', 'Yangi jonka', 'select'),
(4, '1078736196', 'AgACAgIAAxkBAAIU5mJcMsqcUPUuqTqecB6SExQAAdmlXgACWbsxG6ev4UqWWe-GYLlkKwEAAwIAA3gAAyQE', 'Chiroyli toltovkalar', 'select'),
(5, '722188816', 'AgACAgIAAxkBAAIVBWJcNNnxHmHYVE2pE2mHWL3FOxm1AAI1ujEbtarhSk5HZ3tzZFCDAQADAgADeAADJAQ', 'Yoongi marry me', 'select'),
(6, '315375144', 'AgACAgIAAxkBAAIVRmJir6enTE2qPxUpFxF5PhihItIzAAKWvzEbDf8ZS0xr1SDsy659AQADAgADeQADJAQ', 'bu sayora sotilyapti ...', 'select'),
(7, '315375144', 'AgACAgIAAxkBAAIWPmJwsg1yLxRv79pzj8AT4zbLVpb4AAKmvTEbMVSASzVyi3OZNINCAQADAgADbQADJAQ', 'статуя человека', 'select'),
(8, '315375144', 'AgACAgIAAxkBAAIWS2Jw4da8V6QFiQPSHKJvrpotB4ewAAJiuzEbMVSIS0qOAsbaJLmHAQADAgADbQADJAQ', 'родина мать', 'select'),
(9, '315375144', 'AgACAgIAAxkBAAIWW2Jw8nZOZ58Ym442Pu_efIN5mhZNAAJcvTEbMVSISz2B5AeJFJMoAQADAgADbQADJAQ', 'asdasda', 'select'),
(10, '1078736196', 'AgACAgIAAxkBAAIWZ2Jw81QmuVX07jn5Em9aMmtM7WaTAAIPuTEbLi2IS11oWlJEJnQTAQADAgADbQADJAQ', 'почта', 'select'),
(11, '315375144', 'AgACAgIAAxkBAAIWf2Jw857WWnFGHnmwQAT3LXCUW1z_AAJdvTEbMVSISxDhTY7zQpnAAQADAgADbQADJAQ', 'жди меня', 'select'),
(12, '315375144', 'AgACAgIAAxkBAAIWjGJw9hW7gdkRIfaf2PpJKr62AqcMAAJivTEbMVSISzDC8lSzwZRNAQADAgADbQADJAQ', 'картинкиъ', 'select'),
(13, '1078736196', 'AgACAgIAAxkBAAIWo2Jw9_JSGg8IZjC_d3wd9fJt5NrZAAIvuTEbLi2ISwObULfKYyeKAQADAgADbQADJAQ', 'док, заказ', 'select'),
(14, '315375144', 'AgACAgIAAxkBAAIXh2KXA3aKv7AkA3aLH1HoXJb0d5MzAAIIuTEb00O5SB0JztH7ETIjAQADAgADeQADJAQ', 'bu botga tashlanadi', 'select'),
(15, '315375144', 'AgACAgIAAxkBAAIXlGKXBSOTTMd-YuT3n3AY4ehqh6GFAAIRuTEb00O5SNUndjYxFlg1AQADAgADbQADJAQ', 'Babochka', 'select'),
(16, '315375144', 'AgACAgIAAxkBAAIXsWKXBa5Pdlm7fKUeefO1TSOLmrmWAAITuTEb00O5SB12UWz9AAH2GgEAAwIAA20AAyQE', '8 mart bayrami....', 'select'),
(17, '1062838548', 'AgACAgIAAxkBAAIX1WKXB8zijAfAzxWkDK-0WgrKwGo8AAJ-uzEbXI64SOUN_qRU1OY3AQADAgADeQADJAQ', 'gfcyfhcjjhjgcjhgcjhcfjhcfcfhhcchfjhcgjhgchgcjhgcjhcghcggjjjjjjjjjjjjjjjjjjjjjjjjjchgcghjcghjcgjhchjcjhcj', 'select'),
(18, '1078736196', 'AgACAgIAAxkBAAIX_2KXCVGR26C2F9cJsutVg8T7T8pwAALLvzEbfAq5SMql4bgQMbjbAQADAgADbQADJAQ', 'qushcha sotiladi', 'select'),
(19, '1062838548', 'AgACAgIAAxkBAAIYDGKXCX3r_54RwxSzh6rputBynnrjAAIEvjEbZgK5SF1PR_ScgRguAQADAgADeQADJAQ', 'jhgjhkkjljklkljbkjjklkljbkjlbhjkhbjkhbvjkhbkjhblklbjkjlbjkblkjbl', 'select'),
(20, '315375144', 'AgACAgIAAxkBAAIYO2KXCpF0lcaPi0Z9JS3Rx0x7lZB_AAIWuTEb00O5SJNSnivWMAqkAQADAgADeQADJAQ', 'это лето как осень', 'select'),
(21, '315375144', 'AgACAgIAAxkBAAIYYmKXDBzCPihlcKzwhLHQQIHKCwWoAAIauTEb00O5SP86sDNc_em-AQADAgADbQADJAQ', 'deva s ptichkoy', 'select'),
(22, '315375144', 'AgACAgIAAxkBAAIYdWKXDLW4Q_iscPGYs6wplyeWnLtTAAIfuTEb00O5SObEfV6oBToBAQADAgADeQADJAQ', 'fasillar', 'select'),
(23, '315375144', 'AgACAgIAAxkBAAIYlGKXDfWUDHUcD7mYy0fuwOgN34MOAAImuTEb00O5SFOuwy6PJ5SNAQADAgADeAADJAQ', 'mama i deti', 'select'),
(24, '315375144', 'AgACAgIAAxkBAAIZDWKXYtrIfYMuiKy0fQPy7WwB2qaYAAJivzEbsxW5SJ4DjQq2DO8eAQADAgADeQADJAQ', 'telefoniya', 'select'),
(25, '315375144', 'AgACAgIAAxkBAAIZVWKXZfzggKeAXocT7ZEcrPQr7ODqAAJuvzEbsxW5SNCvkhycYci-AQADAgADeAADJAQ', 'devi', 'select'),
(26, '1078736196', 'AgACAgIAAxkBAAIZXmKXZw5TFSsB72GT9j26FuXP1yrvAAKOvTEbbPK4SF_qOaPvyaBWAQADAgADeQADJAQ', 'asdfghjk', 'select'),
(27, '1078736196', 'AgACAgIAAxkBAAIZaGKYq0E1o8RhmVxRNnAZ3OXZ6bSsAAIatzEbbPLASFZZFijhXMDUAQADAgADbQADJAQ', 'tostaya tolstovaka', 'select'),
(28, '1078736196', 'AgACAgIAAxkBAAIZi2KYro468-qxSL48tzmvYbi6VPwqAAIntzEbbPLASDbQHbH0ByIRAQADAgADeAADJAQ', 'nochuxa', 'select'),
(29, '1078736196', 'AgACAgIAAxkBAAIZkmKYr7afyIHMq8r6ZI0ZCAcQqYOSAAIutzEbbPLASHswfOpP6ScPAQADAgADeAADJAQ', 'sovremenniy vek', 'select'),
(30, '1078736196', 'AgACAgIAAxkBAAIZmWKYsW9NB82yAuHvzYS-jHXPULLEAAIztzEbbPLASAdCy70lOkZ0AQADAgADeAADJAQ', 'jinsovka', 'select'),
(31, '1078736196', 'AgACAgIAAxkBAAIZoGKYsZqrQZXly_L5u0DT1qPE6wREAAI0tzEbbPLASEpKHavbgm2_AQADAgADeAADJAQ', 'bez vkusiye', 'select'),
(32, '315375144', 'AgACAgIAAxkBAAIZu2Ka7i95Wv4592Yljplf5qNYDgTIAAKNuTEbN2jYSJHfa96rK7CCAQADAgADbQADJAQ', 'qora odamga oq kolak yarashmaydi :D', 'select'),
(33, '1078736196', 'AgACAgIAAxkBAAIZyWKa7nXizI1_Nd6vGzHJzmpwNXjzAAK2vjEbmrPRSBQPRquU5JjDAQADAgADeAADJAQ', 'jaluzi ketti', 'select'),
(34, '1078736196', 'AgACAgIAAxkBAAIZ02Ka7tIWDIfTPGeQv33mHl24bUP5AAK3vjEbmrPRSKQaMlK6AkxMAQADAgADbQADJAQ', 'logo magazin', 'select'),
(35, '1078736196', 'AgACAgIAAxkBAAIZ9GKa9ohJLuFCDmUNIShqDl9KI0W8AAJYvDEbmrPZSLol3Z0IfAxYAQADAgADeAADJAQ', 'qora kiyim kiyganda', 'select'),
(36, '1078736196', 'AgACAgIAAxkBAAIaQ2Ka-RLcFLIFr-F_MMigPPGKCll5AAJbvDEbmrPZSAFs-GRFQ_sIAQADAgADbQADJAQ', 'Ugoday gdeya? Ya doma', 'select'),
(37, '1078736196', 'AgACAgIAAxkBAAIabWKa-ZOXKAABPXSR9q9qRkhMxA0f_QACXLwxG5qz2UjyqMgyJeRosAEAAwIAA20AAyQE', 'krobi ne xotel otdoxnut', 'select'),
(38, '1078736196', 'AgACAgIAAxkBAAIae2Ka-flsRwABc8POyUJ1acz57RIK1QACXbwxG5qz2UiYEnJKjcUgVAEAAwIAA20AAyQE', 'seriy volk', 'select'),
(39, '1078736196', 'AgACAgIAAxkBAAIag2Ka-pO4sjqprX_0KM_ty7vd9GhwAAJevDEbmrPZSL7lIhjzrZJEAQADAgADbQADJAQ', 'Красивое дерево', 'select'),
(40, '1078736196', 'AgACAgIAAxkBAAIbH2Ka_pgfUtqz7HCDa3WhQ4XmtHGaAAJivDEbmrPZSL2Oj9KByg8kAQADAgADbQADJAQ', 'Nol vnimaniya', 'select'),
(41, '1078736196', 'AgACAgIAAxkBAAIeVmKdeoEe_2XtL0QCy9NzvU3qMyeKAAIUvzEbNFbpSL-FdWogjzhmAQADAgADbQADJAQ', 'Эта девушка продается за 1ты сум', 'select'),
(42, '315375144', 'AgACAgIAAxkBAAIemGLENSptFEtwpHt97yCyOJ1Imds6AAK4vTEbH0AhSo2I_gABRuw__wEAAwIAA3kAAykE', 'kursor mishi', 'select');

-- --------------------------------------------------------

--
-- Структура таблицы `post_send`
--

CREATE TABLE `post_send` (
  `id` int(11) NOT NULL,
  `telegram` varchar(20) NOT NULL,
  `post_id` varchar(20) NOT NULL
) ENGINE=InnoDB DEFAULT CHARSET=utf8;

--
-- Дамп данных таблицы `post_send`
--

INSERT INTO `post_send` (`id`, `telegram`, `post_id`) VALUES
(186, '1062838548', '2'),
(187, '1062838548', '3'),
(188, '1062838548', '4'),
(189, '1062838548', '5'),
(190, '1062838548', '6'),
(191, '1062838548', '7'),
(192, '1062838548', '8'),
(193, '1062838548', '9'),
(194, '1062838548', '10'),
(195, '1062838548', '11'),
(196, '1062838548', '12'),
(197, '1062838548', '13'),
(198, '1062838548', '14'),
(199, '1062838548', '15'),
(200, '1062838548', '16'),
(201, '1062838548', '17'),
(202, '1062838548', '18'),
(203, '1062838548', '19'),
(204, '1062838548', '20'),
(205, '1062838548', '21'),
(206, '1062838548', '22'),
(207, '1062838548', '23'),
(208, '1062838548', '24'),
(209, '1062838548', '25'),
(210, '1062838548', '26'),
(211, '1062838548', '27'),
(212, '1062838548', '28'),
(213, '1062838548', '29'),
(214, '1062838548', '30'),
(215, '1062838548', '31'),
(216, '1062838548', '32'),
(217, '1062838548', '33'),
(218, '1062838548', '34'),
(219, '1062838548', '35'),
(220, '1062838548', '36'),
(221, '1062838548', '37'),
(222, '1062838548', '38'),
(223, '1062838548', '2'),
(224, '1062838548', '3'),
(225, '1062838548', '4'),
(226, '1062838548', '5'),
(227, '1062838548', '6'),
(228, '1062838548', '7'),
(229, '1062838548', '8'),
(230, '1062838548', '9'),
(231, '1062838548', '10'),
(232, '1062838548', '11'),
(233, '1062838548', '12'),
(234, '1062838548', '13'),
(235, '1062838548', '14'),
(236, '1062838548', '15'),
(237, '1062838548', '16'),
(238, '1062838548', '17'),
(239, '1062838548', '18'),
(240, '1062838548', '19'),
(241, '1062838548', '20'),
(242, '1062838548', '21'),
(243, '1062838548', '22'),
(244, '1062838548', '23'),
(245, '1062838548', '24'),
(246, '1062838548', '25'),
(247, '1062838548', '26'),
(248, '1062838548', '27'),
(249, '1062838548', '28'),
(250, '1062838548', '29'),
(251, '1062838548', '30'),
(252, '1062838548', '31'),
(253, '1062838548', '32'),
(254, '1062838548', '33'),
(255, '1062838548', '34'),
(256, '1062838548', '35'),
(257, '1062838548', '36'),
(258, '1062838548', '37'),
(259, '1062838548', '38'),
(260, '778969014', '2'),
(261, '778969014', '3'),
(262, '778969014', '4'),
(263, '778969014', '5'),
(264, '778969014', '6'),
(265, '778969014', '7'),
(266, '778969014', '8'),
(267, '778969014', '9'),
(268, '778969014', '10'),
(269, '778969014', '11'),
(270, '778969014', '12'),
(271, '778969014', '13'),
(272, '778969014', '14'),
(273, '778969014', '15'),
(274, '778969014', '16'),
(275, '778969014', '17'),
(276, '778969014', '18'),
(277, '778969014', '19'),
(278, '778969014', '20'),
(279, '778969014', '21'),
(280, '778969014', '22'),
(281, '778969014', '23'),
(282, '778969014', '24'),
(283, '778969014', '25'),
(284, '778969014', '26'),
(285, '778969014', '27'),
(286, '778969014', '28'),
(287, '778969014', '29'),
(288, '778969014', '30'),
(289, '778969014', '31'),
(290, '778969014', '32'),
(291, '778969014', '33'),
(292, '778969014', '34'),
(293, '778969014', '35'),
(294, '778969014', '36'),
(295, '778969014', '37'),
(296, '778969014', '38'),
(297, '315375144', '2'),
(298, '315375144', '3'),
(299, '315375144', '4'),
(300, '315375144', '5'),
(301, '315375144', '6'),
(302, '315375144', '7'),
(303, '315375144', '8'),
(304, '315375144', '9'),
(305, '315375144', '10'),
(306, '315375144', '11'),
(307, '315375144', '12'),
(308, '315375144', '13'),
(309, '315375144', '14'),
(310, '315375144', '15'),
(311, '315375144', '16'),
(312, '315375144', '17'),
(313, '315375144', '18'),
(314, '315375144', '19'),
(315, '315375144', '20'),
(316, '315375144', '21'),
(317, '315375144', '22'),
(318, '315375144', '23'),
(319, '315375144', '24'),
(320, '315375144', '25'),
(321, '315375144', '26'),
(322, '315375144', '27'),
(323, '315375144', '28'),
(324, '315375144', '29'),
(325, '315375144', '30'),
(326, '315375144', '31'),
(327, '315375144', '32'),
(328, '315375144', '33'),
(329, '315375144', '34'),
(330, '315375144', '35'),
(331, '315375144', '36'),
(332, '315375144', '37'),
(333, '315375144', '38'),
(371, '1062838548', '39'),
(372, '1062838548', '40'),
(373, '1062838548', '2'),
(374, '1062838548', '3'),
(375, '1062838548', '4'),
(376, '1062838548', '5'),
(377, '1062838548', '6'),
(378, '1062838548', '7'),
(379, '1062838548', '8'),
(380, '1062838548', '9'),
(381, '1062838548', '10'),
(382, '1062838548', '11'),
(383, '1062838548', '12'),
(384, '1062838548', '13'),
(385, '1062838548', '14'),
(386, '1062838548', '15'),
(387, '1062838548', '16'),
(388, '1062838548', '17'),
(389, '1062838548', '18'),
(390, '1062838548', '19'),
(391, '1062838548', '20'),
(392, '1062838548', '21'),
(393, '1062838548', '22'),
(394, '1062838548', '23'),
(395, '1062838548', '24'),
(396, '1062838548', '25'),
(397, '1062838548', '26'),
(398, '1062838548', '27'),
(399, '1062838548', '28'),
(400, '1062838548', '29'),
(401, '1062838548', '30'),
(402, '1062838548', '31'),
(403, '1062838548', '32'),
(404, '1062838548', '33'),
(405, '1062838548', '34'),
(406, '1062838548', '35'),
(407, '1062838548', '36'),
(408, '1062838548', '37'),
(409, '1062838548', '38'),
(410, '1062838548', '39'),
(411, '1062838548', '40'),
(412, '778969014', '2'),
(413, '778969014', '3'),
(414, '778969014', '4'),
(415, '778969014', '5'),
(416, '778969014', '6'),
(417, '778969014', '7'),
(418, '778969014', '8'),
(419, '778969014', '9'),
(420, '778969014', '10'),
(421, '778969014', '11'),
(422, '778969014', '12'),
(423, '778969014', '13'),
(424, '778969014', '14'),
(425, '778969014', '15'),
(426, '778969014', '16'),
(427, '778969014', '17'),
(428, '778969014', '18'),
(429, '778969014', '19'),
(430, '778969014', '20'),
(431, '778969014', '21'),
(432, '778969014', '22'),
(433, '778969014', '23'),
(434, '778969014', '24'),
(435, '778969014', '25'),
(436, '778969014', '26'),
(437, '778969014', '27'),
(438, '778969014', '28'),
(439, '778969014', '29'),
(440, '778969014', '30'),
(441, '778969014', '31'),
(442, '778969014', '32'),
(443, '778969014', '33'),
(444, '778969014', '34'),
(445, '778969014', '35'),
(446, '778969014', '36'),
(447, '778969014', '37'),
(448, '778969014', '38'),
(449, '778969014', '39'),
(450, '778969014', '40'),
(451, '315375144', '2'),
(452, '315375144', '3'),
(453, '315375144', '4'),
(454, '315375144', '5'),
(455, '315375144', '6'),
(456, '315375144', '7'),
(457, '315375144', '8'),
(458, '315375144', '9'),
(459, '315375144', '10'),
(460, '315375144', '11'),
(461, '315375144', '12'),
(462, '315375144', '13'),
(463, '315375144', '14'),
(464, '315375144', '15'),
(465, '315375144', '16'),
(466, '315375144', '17'),
(467, '315375144', '18'),
(468, '315375144', '19'),
(469, '315375144', '20'),
(470, '315375144', '21'),
(471, '315375144', '22'),
(472, '315375144', '23'),
(473, '315375144', '24'),
(474, '315375144', '25'),
(475, '315375144', '26'),
(476, '315375144', '27'),
(477, '315375144', '28'),
(478, '315375144', '29'),
(479, '315375144', '30'),
(480, '315375144', '31'),
(481, '315375144', '32'),
(482, '315375144', '33'),
(483, '315375144', '34'),
(484, '315375144', '35'),
(485, '315375144', '36'),
(486, '315375144', '37'),
(487, '315375144', '38'),
(488, '315375144', '39'),
(489, '315375144', '40'),
(490, '387713426', '2'),
(491, '387713426', '3'),
(492, '387713426', '4'),
(493, '387713426', '5'),
(494, '387713426', '6'),
(495, '387713426', '7'),
(496, '387713426', '8'),
(497, '387713426', '9'),
(498, '387713426', '10'),
(499, '387713426', '11'),
(500, '387713426', '12'),
(501, '387713426', '13'),
(502, '387713426', '14'),
(503, '387713426', '15'),
(504, '387713426', '16'),
(505, '387713426', '17'),
(506, '387713426', '18'),
(507, '387713426', '19'),
(508, '387713426', '20'),
(509, '387713426', '21'),
(510, '387713426', '22'),
(511, '387713426', '23'),
(512, '387713426', '24'),
(513, '387713426', '25'),
(514, '387713426', '26'),
(515, '387713426', '27'),
(516, '387713426', '28'),
(517, '387713426', '29'),
(518, '387713426', '30'),
(519, '387713426', '31'),
(520, '387713426', '32'),
(521, '387713426', '33'),
(522, '387713426', '34'),
(523, '387713426', '35'),
(524, '387713426', '36'),
(525, '387713426', '37'),
(526, '387713426', '38'),
(527, '387713426', '39'),
(528, '387713426', '40'),
(529, '1062838548', '2'),
(530, '1062838548', '3'),
(531, '1062838548', '4'),
(532, '1062838548', '5'),
(533, '1062838548', '6'),
(534, '1062838548', '7'),
(535, '1062838548', '8'),
(536, '1062838548', '9'),
(537, '1062838548', '10'),
(538, '1062838548', '11'),
(539, '1062838548', '12'),
(540, '1062838548', '13'),
(541, '1062838548', '14'),
(542, '1062838548', '15'),
(543, '1062838548', '16'),
(544, '1062838548', '17'),
(545, '1062838548', '18'),
(546, '1062838548', '19'),
(547, '1062838548', '20'),
(548, '1062838548', '21'),
(549, '1062838548', '22'),
(550, '1062838548', '23'),
(551, '1062838548', '24'),
(552, '1062838548', '25'),
(553, '1062838548', '26'),
(554, '1062838548', '27'),
(555, '1062838548', '28'),
(556, '1062838548', '29'),
(557, '1062838548', '30'),
(558, '1062838548', '31'),
(559, '1062838548', '32'),
(560, '1062838548', '33'),
(561, '1062838548', '34'),
(562, '1062838548', '35'),
(563, '1062838548', '36'),
(564, '1062838548', '37'),
(565, '1062838548', '38'),
(566, '1062838548', '39'),
(567, '1062838548', '40'),
(568, '778969014', '2'),
(569, '778969014', '3'),
(570, '778969014', '4'),
(571, '778969014', '5'),
(572, '778969014', '6'),
(573, '778969014', '7'),
(574, '778969014', '8'),
(575, '778969014', '9'),
(576, '778969014', '10'),
(577, '778969014', '11'),
(578, '778969014', '12'),
(579, '778969014', '13'),
(580, '778969014', '14'),
(581, '778969014', '15'),
(582, '778969014', '16'),
(583, '778969014', '17'),
(584, '778969014', '18'),
(585, '778969014', '19'),
(586, '778969014', '20'),
(587, '778969014', '21'),
(588, '778969014', '22'),
(589, '778969014', '23'),
(590, '778969014', '24'),
(591, '778969014', '25'),
(592, '778969014', '26'),
(593, '778969014', '27'),
(594, '778969014', '28'),
(595, '778969014', '29'),
(596, '778969014', '30'),
(597, '778969014', '31'),
(598, '778969014', '32'),
(599, '778969014', '33'),
(600, '778969014', '34'),
(601, '778969014', '35'),
(602, '778969014', '36'),
(603, '778969014', '37'),
(604, '778969014', '38'),
(605, '778969014', '39'),
(606, '778969014', '40'),
(607, '315375144', '2'),
(608, '315375144', '3'),
(609, '315375144', '4'),
(610, '315375144', '5'),
(611, '315375144', '6'),
(612, '315375144', '7'),
(613, '315375144', '8'),
(614, '315375144', '9'),
(615, '315375144', '10'),
(616, '315375144', '11'),
(617, '315375144', '12'),
(618, '315375144', '13'),
(619, '315375144', '14'),
(620, '315375144', '15'),
(621, '315375144', '16'),
(622, '315375144', '17'),
(623, '315375144', '18'),
(624, '315375144', '19'),
(625, '315375144', '20'),
(626, '315375144', '21'),
(627, '315375144', '22'),
(628, '315375144', '23'),
(629, '315375144', '24'),
(630, '315375144', '25'),
(631, '315375144', '26'),
(632, '315375144', '27'),
(633, '315375144', '28'),
(634, '315375144', '29'),
(635, '315375144', '30'),
(636, '315375144', '31'),
(637, '315375144', '32'),
(638, '315375144', '33'),
(639, '315375144', '34'),
(640, '315375144', '35'),
(641, '315375144', '36'),
(642, '315375144', '37'),
(643, '315375144', '38'),
(644, '315375144', '39'),
(645, '315375144', '40'),
(646, '387713426', '2'),
(647, '387713426', '3'),
(648, '387713426', '4'),
(649, '387713426', '5'),
(650, '387713426', '6'),
(651, '387713426', '7'),
(652, '387713426', '8'),
(653, '387713426', '9'),
(654, '387713426', '10'),
(655, '387713426', '11'),
(656, '387713426', '12'),
(657, '387713426', '13'),
(658, '387713426', '14'),
(659, '387713426', '15'),
(660, '387713426', '16'),
(661, '387713426', '17'),
(662, '387713426', '18'),
(663, '387713426', '19'),
(664, '387713426', '20'),
(665, '387713426', '21'),
(666, '387713426', '22'),
(667, '387713426', '23'),
(668, '387713426', '24'),
(669, '387713426', '25'),
(670, '387713426', '26'),
(671, '387713426', '27'),
(672, '387713426', '28'),
(673, '387713426', '29'),
(674, '387713426', '30'),
(675, '387713426', '31'),
(676, '387713426', '32'),
(677, '387713426', '33'),
(678, '387713426', '34'),
(679, '387713426', '35'),
(680, '387713426', '36'),
(681, '387713426', '37'),
(682, '387713426', '38'),
(683, '387713426', '39'),
(684, '387713426', '40'),
(685, '1062838548', '2'),
(686, '1062838548', '3'),
(687, '1062838548', '4'),
(688, '1062838548', '5'),
(689, '1062838548', '6'),
(690, '1062838548', '7'),
(691, '1062838548', '8'),
(692, '1062838548', '9'),
(693, '1062838548', '10'),
(694, '1062838548', '11'),
(695, '1062838548', '12'),
(696, '1062838548', '13'),
(697, '1062838548', '14'),
(698, '1062838548', '15'),
(699, '1062838548', '16'),
(700, '1062838548', '17'),
(701, '1062838548', '18'),
(702, '1062838548', '19'),
(703, '1062838548', '20'),
(704, '1062838548', '21'),
(705, '1062838548', '22'),
(706, '1062838548', '23'),
(707, '1062838548', '24'),
(708, '1062838548', '25'),
(709, '1062838548', '26'),
(710, '1062838548', '27'),
(711, '1062838548', '28'),
(712, '1062838548', '29'),
(713, '1062838548', '30'),
(714, '1062838548', '31'),
(715, '1062838548', '32'),
(716, '1062838548', '33'),
(717, '1062838548', '34'),
(718, '1062838548', '35'),
(719, '1062838548', '36'),
(720, '1062838548', '37'),
(721, '1062838548', '38'),
(722, '1062838548', '39'),
(723, '1062838548', '40'),
(724, '778969014', '2'),
(725, '778969014', '3'),
(726, '778969014', '4'),
(727, '778969014', '5'),
(728, '778969014', '6'),
(729, '778969014', '7'),
(730, '778969014', '8'),
(731, '778969014', '9'),
(732, '778969014', '10'),
(733, '778969014', '11'),
(734, '778969014', '12'),
(735, '778969014', '13'),
(736, '778969014', '14'),
(737, '778969014', '15'),
(738, '778969014', '16'),
(739, '778969014', '17'),
(740, '778969014', '18'),
(741, '778969014', '19'),
(742, '778969014', '20'),
(743, '778969014', '21'),
(744, '778969014', '22'),
(745, '778969014', '23'),
(746, '778969014', '24'),
(747, '778969014', '25'),
(748, '778969014', '26'),
(749, '778969014', '27'),
(750, '778969014', '28'),
(751, '778969014', '29'),
(752, '778969014', '30'),
(753, '778969014', '31'),
(754, '778969014', '32'),
(755, '778969014', '33'),
(756, '778969014', '34'),
(757, '778969014', '35'),
(758, '778969014', '36'),
(759, '778969014', '37'),
(760, '778969014', '38'),
(761, '778969014', '39'),
(762, '778969014', '40'),
(763, '315375144', '2'),
(764, '315375144', '3'),
(765, '315375144', '4'),
(766, '315375144', '5'),
(767, '315375144', '6'),
(768, '315375144', '7'),
(769, '315375144', '8'),
(770, '315375144', '9'),
(771, '315375144', '10'),
(772, '315375144', '11'),
(773, '315375144', '12'),
(774, '315375144', '13'),
(775, '315375144', '14'),
(776, '315375144', '15'),
(777, '315375144', '16'),
(778, '315375144', '17'),
(779, '315375144', '18'),
(780, '315375144', '19'),
(781, '315375144', '20'),
(782, '315375144', '21'),
(783, '315375144', '22'),
(784, '315375144', '23'),
(785, '315375144', '24'),
(786, '315375144', '25'),
(787, '315375144', '26'),
(788, '315375144', '27'),
(789, '315375144', '28'),
(790, '315375144', '29'),
(791, '315375144', '30'),
(792, '315375144', '31'),
(793, '315375144', '32'),
(794, '315375144', '33'),
(795, '315375144', '34'),
(796, '315375144', '35'),
(797, '315375144', '36'),
(798, '315375144', '37'),
(799, '315375144', '38'),
(800, '315375144', '39'),
(801, '315375144', '40'),
(802, '387713426', '2'),
(803, '387713426', '3'),
(804, '387713426', '4'),
(805, '387713426', '5'),
(806, '387713426', '6'),
(807, '387713426', '7'),
(808, '387713426', '8'),
(809, '387713426', '9'),
(810, '387713426', '10'),
(811, '387713426', '11'),
(812, '387713426', '12'),
(813, '387713426', '13'),
(814, '387713426', '14'),
(815, '387713426', '15'),
(816, '387713426', '16'),
(817, '387713426', '17'),
(818, '387713426', '18'),
(819, '387713426', '19'),
(820, '387713426', '20'),
(821, '387713426', '21'),
(822, '387713426', '22'),
(823, '387713426', '23'),
(824, '387713426', '24'),
(825, '387713426', '25'),
(826, '387713426', '26'),
(827, '387713426', '27'),
(828, '387713426', '28'),
(829, '387713426', '29'),
(830, '387713426', '30'),
(831, '387713426', '31'),
(832, '387713426', '32'),
(833, '387713426', '33'),
(834, '387713426', '34'),
(835, '387713426', '35'),
(836, '387713426', '36'),
(837, '387713426', '37'),
(838, '387713426', '38'),
(839, '387713426', '39'),
(840, '387713426', '40'),
(841, '1062838548', '2'),
(842, '1062838548', '3'),
(843, '1062838548', '4'),
(844, '1062838548', '5'),
(845, '1062838548', '6'),
(846, '1062838548', '7'),
(847, '1062838548', '8'),
(848, '1062838548', '9'),
(849, '1062838548', '10'),
(850, '1062838548', '11'),
(851, '1062838548', '12'),
(852, '1062838548', '13'),
(853, '1062838548', '14'),
(854, '1062838548', '15'),
(855, '1062838548', '16'),
(856, '1062838548', '17'),
(857, '1062838548', '18'),
(858, '1062838548', '19'),
(859, '1062838548', '20'),
(860, '1062838548', '21'),
(861, '1062838548', '22'),
(862, '1062838548', '23'),
(863, '1062838548', '24'),
(864, '1062838548', '25'),
(865, '1062838548', '26'),
(866, '1062838548', '27'),
(867, '1062838548', '28'),
(868, '1062838548', '29'),
(869, '1062838548', '30'),
(870, '1062838548', '31'),
(871, '1062838548', '32'),
(872, '1062838548', '33'),
(873, '1062838548', '34'),
(874, '1062838548', '35'),
(875, '1062838548', '36'),
(876, '1062838548', '37'),
(877, '1062838548', '38'),
(878, '1062838548', '39'),
(879, '1062838548', '40'),
(880, '778969014', '2'),
(881, '778969014', '3'),
(882, '778969014', '4'),
(883, '778969014', '5'),
(884, '778969014', '6'),
(885, '778969014', '7'),
(886, '778969014', '8'),
(887, '778969014', '9'),
(888, '778969014', '10'),
(889, '778969014', '11'),
(890, '778969014', '12'),
(891, '778969014', '13'),
(892, '778969014', '14'),
(893, '778969014', '15'),
(894, '778969014', '16'),
(895, '778969014', '17'),
(896, '778969014', '18'),
(897, '778969014', '19'),
(898, '778969014', '20'),
(899, '778969014', '21'),
(900, '778969014', '22'),
(901, '778969014', '23'),
(902, '778969014', '24'),
(903, '778969014', '25'),
(904, '778969014', '26'),
(905, '778969014', '27'),
(906, '778969014', '28'),
(907, '778969014', '29'),
(908, '778969014', '30'),
(909, '778969014', '31'),
(910, '778969014', '32'),
(911, '778969014', '33'),
(912, '778969014', '34'),
(913, '778969014', '35'),
(914, '778969014', '36'),
(915, '778969014', '37'),
(916, '778969014', '38'),
(917, '778969014', '39'),
(918, '778969014', '40'),
(919, '315375144', '2'),
(920, '315375144', '3'),
(921, '315375144', '4'),
(922, '315375144', '5'),
(923, '315375144', '6'),
(924, '315375144', '7'),
(925, '315375144', '8'),
(926, '315375144', '9'),
(927, '315375144', '10'),
(928, '315375144', '11'),
(929, '315375144', '12'),
(930, '315375144', '13'),
(931, '315375144', '14'),
(932, '315375144', '15'),
(933, '315375144', '16'),
(934, '315375144', '17'),
(935, '315375144', '18'),
(936, '315375144', '19'),
(937, '315375144', '20'),
(938, '315375144', '21'),
(939, '315375144', '22'),
(940, '315375144', '23'),
(941, '315375144', '24'),
(942, '315375144', '25'),
(943, '315375144', '26'),
(944, '315375144', '27'),
(945, '315375144', '28'),
(946, '315375144', '29'),
(947, '315375144', '30'),
(948, '315375144', '31'),
(949, '315375144', '32'),
(950, '315375144', '33'),
(951, '315375144', '34'),
(952, '315375144', '35'),
(953, '315375144', '36'),
(954, '315375144', '37'),
(955, '315375144', '38'),
(956, '315375144', '39'),
(957, '315375144', '40'),
(958, '387713426', '2'),
(959, '387713426', '3'),
(960, '387713426', '4'),
(961, '387713426', '5'),
(962, '387713426', '6'),
(963, '387713426', '7'),
(964, '387713426', '8'),
(965, '387713426', '9'),
(966, '387713426', '10'),
(967, '387713426', '11'),
(968, '387713426', '12'),
(969, '387713426', '13'),
(970, '387713426', '14'),
(971, '387713426', '15'),
(972, '387713426', '16'),
(973, '387713426', '17'),
(974, '387713426', '18'),
(975, '387713426', '19'),
(976, '387713426', '20'),
(977, '387713426', '21'),
(978, '387713426', '22'),
(979, '387713426', '23'),
(980, '387713426', '24'),
(981, '387713426', '25'),
(982, '387713426', '26'),
(983, '387713426', '27'),
(984, '387713426', '28'),
(985, '387713426', '29'),
(986, '387713426', '30'),
(987, '387713426', '31'),
(988, '387713426', '32'),
(989, '387713426', '33'),
(990, '387713426', '34'),
(991, '387713426', '35'),
(992, '387713426', '36'),
(993, '387713426', '37'),
(994, '387713426', '38'),
(995, '387713426', '39'),
(996, '387713426', '40'),
(997, '1062838548', '2'),
(998, '1062838548', '3'),
(999, '1062838548', '4'),
(1000, '1062838548', '5'),
(1001, '1062838548', '6'),
(1002, '1062838548', '7'),
(1003, '1062838548', '8'),
(1004, '1062838548', '9'),
(1005, '1062838548', '10'),
(1006, '1062838548', '11'),
(1007, '1062838548', '12'),
(1008, '1062838548', '13'),
(1009, '1062838548', '14'),
(1010, '1062838548', '15'),
(1011, '1062838548', '16'),
(1012, '1062838548', '17'),
(1013, '1062838548', '18'),
(1014, '1062838548', '19'),
(1015, '1062838548', '20'),
(1016, '1062838548', '21'),
(1017, '1062838548', '22'),
(1018, '1062838548', '23'),
(1019, '1062838548', '24'),
(1020, '1062838548', '25'),
(1021, '1062838548', '26'),
(1022, '1062838548', '27'),
(1023, '1062838548', '28'),
(1024, '1062838548', '29'),
(1025, '1062838548', '30'),
(1026, '1062838548', '31'),
(1027, '1062838548', '32'),
(1028, '1062838548', '33'),
(1029, '1062838548', '34'),
(1030, '1062838548', '35'),
(1031, '1062838548', '36'),
(1032, '1062838548', '37'),
(1033, '1062838548', '38'),
(1034, '1062838548', '39'),
(1035, '1062838548', '40'),
(1036, '778969014', '2'),
(1037, '778969014', '3'),
(1038, '778969014', '4'),
(1039, '778969014', '5'),
(1040, '778969014', '6'),
(1041, '778969014', '7'),
(1042, '778969014', '8'),
(1043, '778969014', '9'),
(1044, '778969014', '10'),
(1045, '778969014', '11'),
(1046, '778969014', '12'),
(1047, '778969014', '13'),
(1048, '778969014', '14'),
(1049, '778969014', '15'),
(1050, '778969014', '16'),
(1051, '778969014', '17'),
(1052, '778969014', '18'),
(1053, '778969014', '19'),
(1054, '778969014', '20'),
(1055, '778969014', '21'),
(1056, '778969014', '22'),
(1057, '778969014', '23'),
(1058, '778969014', '24'),
(1059, '778969014', '25'),
(1060, '778969014', '26'),
(1061, '778969014', '27'),
(1062, '778969014', '28'),
(1063, '778969014', '29'),
(1064, '778969014', '30'),
(1065, '778969014', '31'),
(1066, '778969014', '32'),
(1067, '778969014', '33'),
(1068, '778969014', '34'),
(1069, '778969014', '35'),
(1070, '778969014', '36'),
(1071, '778969014', '37'),
(1072, '778969014', '38'),
(1073, '778969014', '39'),
(1074, '778969014', '40'),
(1075, '315375144', '2'),
(1076, '315375144', '3'),
(1077, '315375144', '4'),
(1078, '315375144', '5'),
(1079, '315375144', '6'),
(1080, '315375144', '7'),
(1081, '315375144', '8'),
(1082, '315375144', '9'),
(1083, '315375144', '10'),
(1084, '315375144', '11'),
(1085, '315375144', '12'),
(1086, '315375144', '13'),
(1087, '315375144', '14'),
(1088, '315375144', '15'),
(1089, '315375144', '16'),
(1090, '315375144', '17'),
(1091, '315375144', '18'),
(1092, '315375144', '19'),
(1093, '315375144', '20'),
(1094, '315375144', '21'),
(1095, '315375144', '22'),
(1096, '315375144', '23'),
(1097, '315375144', '24'),
(1098, '315375144', '25'),
(1099, '315375144', '26'),
(1100, '315375144', '27'),
(1101, '315375144', '28'),
(1102, '315375144', '29'),
(1103, '315375144', '30'),
(1104, '315375144', '31'),
(1105, '315375144', '32'),
(1106, '315375144', '33'),
(1107, '315375144', '34'),
(1108, '315375144', '35'),
(1109, '315375144', '36'),
(1110, '315375144', '37'),
(1111, '315375144', '38'),
(1112, '315375144', '39'),
(1113, '315375144', '40'),
(1114, '387713426', '2'),
(1115, '387713426', '3'),
(1116, '387713426', '4'),
(1117, '387713426', '5'),
(1118, '387713426', '6'),
(1119, '387713426', '7'),
(1120, '387713426', '8'),
(1121, '387713426', '9'),
(1122, '387713426', '10'),
(1123, '387713426', '11'),
(1124, '387713426', '12'),
(1125, '387713426', '13'),
(1126, '387713426', '14'),
(1127, '387713426', '15'),
(1128, '387713426', '16'),
(1129, '387713426', '17'),
(1130, '387713426', '18'),
(1131, '387713426', '19'),
(1132, '387713426', '20'),
(1133, '387713426', '21'),
(1134, '387713426', '22'),
(1135, '387713426', '23'),
(1136, '387713426', '24'),
(1137, '387713426', '25'),
(1138, '387713426', '26'),
(1139, '387713426', '27'),
(1140, '387713426', '28'),
(1141, '387713426', '29'),
(1142, '387713426', '30'),
(1143, '387713426', '31'),
(1144, '387713426', '32'),
(1145, '387713426', '33'),
(1146, '387713426', '34'),
(1147, '387713426', '35'),
(1148, '387713426', '36'),
(1149, '387713426', '37'),
(1150, '387713426', '38'),
(1151, '387713426', '39'),
(1152, '387713426', '40'),
(1153, '1062838548', '41'),
(1154, '778969014', '41'),
(1155, '315375144', '41'),
(1156, '387713426', '41'),
(1157, '1062838548', '42'),
(1158, '778969014', '42'),
(1159, '387713426', '42');

-- --------------------------------------------------------

--
-- Структура таблицы `users`
--

CREATE TABLE `users` (
  `id` int(11) NOT NULL,
  `fio` varchar(255) NOT NULL,
  `telegram` varchar(11) NOT NULL,
  `phone` varchar(255) NOT NULL,
  `gname` varchar(30) NOT NULL,
  `types` varchar(30) NOT NULL DEFAULT 'client'
) ENGINE=InnoDB DEFAULT CHARSET=utf8;

--
-- Дамп данных таблицы `users`
--

INSERT INTO `users` (`id`, `fio`, `telegram`, `phone`, `gname`, `types`) VALUES
(38, 'Madjidov Alisher Erkinovich', '722188816', '+998906657298', '737-37', 'user'),
(40, 'Aziz Nazarov', '1078736196', '+998907318801', '1234-8963', 'admin'),
(42, 'Ajri guji', '1062838548', '998997564934', 'Xayuxay', 'client'),
(43, '#тожиев_акромжон', '778969014', '', '', 'client'),
(47, 'Akmal', '387713426', '', '', 'client'),
(49, 'Xilolal Xodjaeva', '315375144', '+998914157530', '1324-785', 'user');

--
-- Индексы сохранённых таблиц
--

--
-- Индексы таблицы `posts`
--
ALTER TABLE `posts`
  ADD PRIMARY KEY (`id`);

--
-- Индексы таблицы `post_send`
--
ALTER TABLE `post_send`
  ADD PRIMARY KEY (`id`);

--
-- Индексы таблицы `users`
--
ALTER TABLE `users`
  ADD PRIMARY KEY (`id`);

--
-- AUTO_INCREMENT для сохранённых таблиц
--

--
-- AUTO_INCREMENT для таблицы `posts`
--
ALTER TABLE `posts`
  MODIFY `id` int(11) NOT NULL AUTO_INCREMENT, AUTO_INCREMENT=43;
--
-- AUTO_INCREMENT для таблицы `post_send`
--
ALTER TABLE `post_send`
  MODIFY `id` int(11) NOT NULL AUTO_INCREMENT, AUTO_INCREMENT=1160;
--
-- AUTO_INCREMENT для таблицы `users`
--
ALTER TABLE `users`
  MODIFY `id` int(11) NOT NULL AUTO_INCREMENT, AUTO_INCREMENT=50;COMMIT;

/*!40101 SET CHARACTER_SET_CLIENT=@OLD_CHARACTER_SET_CLIENT */;
/*!40101 SET CHARACTER_SET_RESULTS=@OLD_CHARACTER_SET_RESULTS */;
/*!40101 SET COLLATION_CONNECTION=@OLD_COLLATION_CONNECTION */;
